<html>
    <head lang="en">
        <meta charset="UTF-8">
            <title></title>
            <style>
                body {
                width: 100%;
                margin: 0;
                font-size: 15px;
                white-space: normal;
                word-break: break-all;
                overflow-x: hidden;
                }
                
                img {
                width: 100%;
                margin-top: 20px;
                }
                
                p {
                margin: 5px 15px;
                }
            </style>
        </head>
        <body>
            <p><img src="http://image.suning.cn/uimg/sop/commodity/127475701014145599879164_x.jpg" alt="" width="750" height="1046" /><img src="http://image.suning.cn/uimg/sop/commodity/313192968721582754709800_x.jpg" alt="" width="750" height="1047" /><img src="http://image.suning.cn/uimg/sop/commodity/150500576017815570218053_x.jpg" alt="" width="750" height="1046" /><img src="http://image.suning.cn/uimg/sop/commodity/805443681354953524447600_x.jpg" alt="" width="750" height="1046" /><img src="http://image.suning.cn/uimg/sop/commodity/139743283916322220643555_x.jpg" alt="" width="750" height="1047" /></p>
            <p><img src="http://image.suning.cn/uimg/sop/commodity/196408546505142275216400_x.jpg" alt="" width="750" height="1046" /><img src="http://image.suning.cn/uimg/sop/commodity/982772417208192214055780_x.jpg" alt="" width="750" height="1046" /><img src="http://image.suning.cn/uimg/sop/commodity/222348923121685741396540_x.jpg" alt="" width="750" height="1046" /><img src="http://image.suning.cn/uimg/sop/commodity/529673440174769662430300_x.jpg" alt="" width="750" height="1047" /><img src="http://image.suning.cn/uimg/sop/commodity/179722317918479233504765_x.jpg" alt="" width="750" height="1046" /></p>
        </body>
    </html>
